Feature,Importance
pm25,0.019165457850044934
pm10,0.049851949559156866
no,0.0037503357441330694
no2,0.009667073661883139
nox,0.013746675686004892
nh3,0.0031161854184740623
so2,0.007122850996620475
co,0.005597059044723007
o3,0.007622404753218282
benzene,0.003086024206088361
humidity,0.0053598932445413265
wind_speed,0.0047974411494020475
wind_direction,0.009760292081824818
solar_radiation,0.8471389170603575
rainfall,0.0026830873599010246
air_temperature,0.007534352183626271
